About_Behrend,engineering,
About_Behrend,software architecture,
About_Behrend,application software,
About_Behrend,systems engineering,
About_Behrend,school,
About_Behrend,software engineer,
About_Behrend,laboratory,
About_Behrend,system software,
About_Behrend,software engineering institute,
About_Behrend,software,
About_Behrend,computer graphics,
About_Behrend,algorithm,
About_Behrend,pennsylvania state university,
About_Behrend,computational science,
About_Behrend,software engineering,
About_Behrend,design,
About_Behrend,computer,
About_Behrend,computer science,
About_Behrend,penn state behrend,
About_Behrend,state behrend cover,
About_Behrend,game development,
About_Behrend,technology and computing,
About_Behrend,association for computing machinery,
About_Behrend,pennsylvania,
About_Behrend,information theory,
About_Behrend,arboretum at penn state behrend,
About_Behrend,discrete mathematics,
About_Behrend,research,
About_Behrend,course,
About_Behrend,student,
About_Behrend,self number,
About_Behrend,major,
About_Behrend,american association of state colleges and universities,
About_Behrend,cryptography,
About_Behrend,logic,
About_Behrend,alan turing,
About_Behrend,erie,
About_Behrend,computer program,
About_Behrend,computation,
About_Behrend,applied mathematics,
About_Behrend,graph theory,
About_Behrend,u.s. state,
About_Behrend,programmer,
About_Behrend,science,
About_Behrend,social sciences,
About_Behrend,programming language,
About_Behrend,sam and irene black school of business,
About_Behrend,education,
About_Behrend,computer programming,
About_Behrend,computing,
About_Behrend,scientific method,
About_Behrend,penn state erie,
About_Behrend,mathematics,
About_Behrend,united states,
About_Behrend,artificial intelligence,
About_Behrend,academic program,
About_Behrend,systems administration,
About_Behrend,systems programming,
About_Behrend,design choices.,
About_Behrend,career information,
About_Behrend,systems analysis,
About_Behrend,well-planned set,
About_Behrend,career interests,
About_Behrend,software systems,
About_Behrend,degree program,
About_Behrend,current techniques,
About_Behrend,certificate programs,
About_Behrend,society. recognition,
About_Behrend,global impact,
About_Behrend,social issues,
About_Behrend,common goal.,
About_Behrend,leadership responsibility,
About_Behrend,career opportunities,
About_Behrend,team member,
About_Behrend,computer-based systems,
About_Behrend,entrepreneurial endeavors,
About_Behrend,advanced degree,
About_Behrend,science emphasis,
About_Behrend,computing sub-discipline,
About_Behrend,science theory,
About_Behrend,computing practice,
About_Behrend,professional development.,
About_Behrend,professional advancement,
About_Behrend,computing requirements,
About_Behrend,science program,
About_Behrend,software engineering programs,
About_Behrend,engineering student handbook,
About_Behrend,career planning center,
About_Behrend,professional career development,
About_Behrend,significant technical achievements,
About_Behrend,professionally related fields,
About_Behrend,science jobs students,
About_Behrend,program educational objectives,
About_Behrend,ever-changing professional environment,
About_Behrend,ability,
About_Behrend,career planning,
About_Behrend,college,
About_Behrend,academia,
About_Behrend,employment,
About_Behrend,higher education,
About_Behrend,graduate school,
About_Behrend,bachelor of science,
About_Behrend,postgraduate education,
About_Behrend,doctor of philosophy,
About_Behrend,doctorate,
About_Behrend,master's degree,
About_Behrend,personal development,
About_Behrend,management,
About_Behrend,university,
About_Behrend,electrical engineering,
About_Behrend,bachelor's degree,
About_Behrend,academic degree,
About_Behrend,course details creditscmpsc,
About_Behrend,science sequence course,
About_Behrend,total credits,
About_Behrend,art and entertainment,
About_Behrend,calculus,
About_Behrend,natural science,
About_Behrend,geometry,
About_Behrend,cognitive science,
About_Behrend,behavioural sciences,
About_Behrend,behavior,
About_Behrend,psychology,
About_Behrend,object-oriented programming,
About_Behrend,496,
About_Behrend,course details creditssweng,
About_Behrend,course details,
About_Behrend,renewable energy,
About_Behrend,gq,
About_Behrend,chemistry,
About_Behrend,physics,
